danceability,energy,key,loudness,mode,speechiness,acousticness,instrumentalness,liveness,valence,tempo,duration_ms
0.09499107008470964,0.8161955315092911,11,-11.268083147084283,0,0.08067489072517897,0.7256925477700034,0.3500137687609769,0.5411446783819025,0.6049453357445422,90.27311110450412,256680
0.18743231519174697,0.6837073377921918,2,-23.70165308202153,1,0.13549667664925624,0.10227255812294866,0.5436620894562965,0.4998814250121346,0.8083364279902692,169.77782916659388,278458
0.7440427193668481,0.41302787836350496,6,-37.917063104584784,0,0.4859944396975643,0.38179717620654674,0.9366887052913082,0.34425681277844977,0.45575014846740725,71.46495640740855,279489
0.6068396030170995,0.27880092189895955,7,-40.26806552924002,0,0.946081204879273,0.08025102590208777,0.6288574654028264,0.910564843728072,0.0013478674764381138,147.5929935612199,195742
0.18098426425382164,0.9628800465043283,5,-0.49110820853721293,1,0.47182006621337347,0.33807729046570056,0.13738796215184357,0.27290854203422854,0.34047008682120194,115.97591467311995,184217
