danceability,energy,key,loudness,mode,speechiness,acousticness,instrumentalness,liveness,valence,tempo,duration_ms
0.44894820289124615,0.5632491348304166,9,-28.33477942434503,0,0.7377661562676905,0.8650348111069587,0.8171191065903396,0.672652676960054,0.6363371680025675,71.44257526008242,212514
0.2573361432351673,0.5362756623811549,4,-59.165393198408815,0,0.9369371849021898,0.6513873228479482,0.867950601088563,0.6146430770734306,0.6040274725258036,199.656521575939,233090
0.42043919081039893,0.8093977743350598,7,-26.828532738308574,0,0.5374703243287887,0.8657463223409354,0.6568485686713665,0.9830174461887153,0.8292104851744216,76.22505016870372,214488
0.33093095122150784,0.6098825175691475,4,-27.8194826616727,0,0.543792606933918,0.4053878283313652,0.3180945422000997,0.7732197519170445,0.5592414578473955,154.8682122199334,232983
0.5493080505302581,0.1829688118734184,10,-40.26165682000364,0,0.3202534491475183,0.7296512309117067,0.06779507193093459,0.8990508405261001,0.6556190178926705,195.36479130790624,242620
