danceability,energy,key,loudness,mode,speechiness,acousticness,instrumentalness,liveness,valence,tempo,duration_ms
0.8398706108005226,0.7749507020965808,0,-18.289300276223678,1,0.24324311182750002,0.3221181157455505,0.37481519159338306,0.48379716999597044,0.217827514546583,184.01142623961513,260759
0.07894557132875946,0.9830888695044048,1,-35.84768155628957,0,0.2881811375500354,0.3759550674572162,0.6914749280108002,0.01540322435803232,0.7079031650504393,177.31841306774615,215057
0.945648193384093,0.8702438150217426,10,-52.8920387096722,1,0.5924496577552136,0.3914670842650414,0.5349435777365411,0.885463841722581,0.9869758820149801,75.9021935984378,271981
0.5299017093942555,0.47269530172314933,8,-23.968606554465204,0,0.7873586916053907,0.14399894316601525,0.07162137804887492,0.25242163623662206,0.518735457642513,102.7412505696116,185910
0.9164529427688112,0.28032492104577533,4,-44.768726076356735,1,0.351273107614933,0.3112481039616116,0.3602745063017434,0.3512524109389049,0.7979047419195997,86.54785414899965,235389
