danceability,energy,key,loudness,mode,speechiness,acousticness,instrumentalness,liveness,valence,tempo,duration_ms
0.021184791045223306,0.6083278233581247,5,-14.674313007231426,0,0.06572280280684206,0.6683795396892722,0.7223794479042307,0.1517524223282226,0.8874768083990706,134.3516518634012,183714
0.9681314379918698,0.3421943437620565,11,-7.924804241995538,1,0.1763943701360986,0.1875050144115865,0.9453492036640019,0.3875481011410178,0.10877947949141564,131.9810617985375,260522
0.31114181191469237,0.7928619262959182,10,-59.26520981217111,0,0.0289933443532282,0.5906212199097934,0.30067400958270407,0.23650721292671295,0.8459913971219342,92.85711537667494,256388
0.3607041777984491,0.03872878679396219,11,-14.496290411680931,1,0.9373779456016803,0.11284978970475545,0.25382987950258495,0.4693704102402977,0.5437541080965281,122.04020566275747,256390
0.2167133137748607,0.47599826811716894,4,-33.392368084913194,1,0.6555576757098828,0.9343783256400686,0.14040334885186567,0.4734815661213524,0.6128748109133642,116.85117457592264,282908
