danceability,energy,key,loudness,mode,speechiness,acousticness,instrumentalness,liveness,valence,tempo,duration_ms
0.3342492246837433,0.8471667271491343,0,-48.259779259642684,0,0.9312113745788373,0.3886273195776695,0.9355531348093344,0.919375021692985,0.7975863157021565,195.6934054177301,298463
0.8705272933180801,0.017595125992188154,7,-7.547903165800335,1,0.7128123374587587,0.8398849541306813,0.21384638178561954,0.529146286007398,0.796498256878692,171.03346708688247,295439
0.47050831564550444,0.417934178366996,4,-56.37861270575267,1,0.4474733725511728,0.5276058850769194,0.7037433099848246,0.5993184710015429,0.11987935598022981,151.95425142571395,236666
0.7489192680765566,0.4324525751195296,2,-47.46216465147049,0,0.9983948911968409,0.17841171720575288,0.727707110128968,0.04092106822419039,0.6049040598573542,116.25597514720656,206277
0.7768401881520286,0.7312228971420897,7,-20.35169271817982,0,0.7974798409124718,0.8441133591642579,0.5075177030432606,0.11504076609360225,0.6174544302830987,175.4816223966053,222516
